{"cameraMode":{"drawMode":0,"name":"Shaded","section":"Shading Mode"},"sceneLighting":false,"audioPlay":false,"sceneViewState":{"m_AlwaysRefresh":false,"showFog":true,"showSkybox":false,"showFlares":true,"showImageEffects":true,"showParticleSystems":true,"showVisualEffectGraphs":true,"m_FxEnabled":true},"in2DMode":false,"pivot":{"x":0.05474996566772461,"y":0.8168371915817261,"z":0.21684379875659944},"rotation":{"x":0.012831992469727993,"y":0.9843098521232605,"z":-0.15632396936416627,"w":0.08079402148723602},"size":1.1191515922546387,"orthographic":false}