{"cameraMode":{"drawMode":0,"name":"Shaded","section":"Shading Mode"},"sceneLighting":false,"audioPlay":false,"sceneViewState":{"m_AlwaysRefresh":false,"showFog":true,"showSkybox":false,"showFlares":true,"showImageEffects":true,"showParticleSystems":true,"showVisualEffectGraphs":true,"m_FxEnabled":true},"in2DMode":false,"pivot":{"x":-0.5445217490196228,"y":0.7781553268432617,"z":-0.9293967485427856},"rotation":{"x":-0.043995533138513568,"y":0.9474195837974548,"z":-0.14900878071784974,"w":-0.2797342836856842},"size":1.2792173624038697,"orthographic":false}